{
    "loss":[
        23.645936015878476,
        7.930979784960927,
        6.86154290337754,
        6.469030830308987,
        6.22628507494541,
        6.040735033316439,
        5.872261325251897,
        5.736516946910994,
        5.610774196372328,
        5.501011666500171,
        5.400617818744394,
        5.309903218022411,
        5.255565922252199,
        5.153908837038087,
        5.076206769972572
    ],
    "val_loss":[
        8.84868024584564,
        6.9590668866124785,
        6.459568151278204,
        6.1880612095398,
        6.067777396538763,
        5.832743672171309,
        5.747771527580821,
        5.621178519217064,
        5.553284177022018,
        5.509196016361398,
        5.48151467326857,
        5.492258029296715,
        5.400320646915363,
        5.405264061394817,
        5.399513864927585
    ]
}